﻿<?xml version="1.0" encoding="utf-8"?><Device Name="Database"><Policies><Policy AutoChangeOnAdd="No" AutoVerifyOnAdd="No" ID="DB_ORA_INT_GEN" PlatformBaseID="Oracle" PlatformBaseProtocol="ODBC" PlatformBaseType="Oracle">
          <Properties>
            <Required>
              <Property Name="Username" />
            </Required>
            <Optional>
              <Property Name="DSN" />
              <Property Name="Address" />
              <Property Name="Port" />
              <Property Name="Database" />
              <Property Name="Notes" />
            </Optional>
          </Properties>
          <LinkedPasswords>
            <Link Name="ReconcileAccount" PropertyIndex="3" />
          </LinkedPasswords>
          <TicketingSystem EnterTicketingInfo="No" ValidateTicketNumber="No" />
          <PrivilegedSessionManagement ID="-" />
          <ConnectionComponents PSMConnectionDefault="PSM-SQLPlus">
            <ConnectionComponent Id="PSM-SQLPlus" />
            <ConnectionComponent Id="PSM-TOAD" />
          </ConnectionComponents>
        </Policy></Policies></Device>