﻿<?xml version="1.0" encoding="utf-8"?><Device Name="Application"><Policies><Policy ID="NOMNG_EXT" PlatformBaseID="NOMNG_EXT" PlatformBaseType="NotManaged" PlatformBaseProtocol="CyberArk">
          <TicketingSystem />
          <Properties>
            <Required />
            <Optional>
              <Property Name="Username" />
              <Property Name="Address" />
              <Property Name="Port" />
              <Property Name="Notes" />
            </Optional>
          </Properties>
          <LinkedPasswords />
          <ConnectionComponents />
          <Usages />
        </Policy></Policies></Device>